{
    "id": 62126800,
    "scene_width": 64000,
    "scene_height": 64000,
    "nodes": [
        {
            "id": 160579248,
            "title": "Testing",
            "pos_x": 184.6250000000001,
            "pos_y": -150.1249999999999,
            "inputs": [
                {
                    "id": 160579472,
                    "index": 0,
                    "multi_edges": true,
                    "position": 2,
                    "socket_type": 2
                }
            ],
            "outputs": [],
            "additional": [],
            "content": {
                "fixpoint_box": "a_fixpoint"
            },
            "op_code": 10
        },
        {
            "id": 160598960,
            "title": "Constant",
            "pos_x": -147.37499999999977,
            "pos_y": 38.125000000000114,
            "inputs": [
                {
                    "id": 160598896,
                    "index": 0,
                    "multi_edges": true,
                    "position": 2,
                    "socket_type": 2
                }
            ],
            "outputs": [
                {
                    "id": 160598864,
                    "index": 0,
                    "multi_edges": false,
                    "position": 5,
                    "socket_type": 2
                }
            ],
            "additional": [],
            "content": {
                "parameter_box": "k",
                "input_box": "-",
                "output_box": "T"
            },
            "op_code": 4
        },
        {
            "id": 160579312,
            "title": "Reindexing",
            "pos_x": -143.56250000000006,
            "pos_y": -208.0624999999999,
            "inputs": [
                {
                    "id": 160683952,
                    "index": 0,
                    "multi_edges": true,
                    "position": 2,
                    "socket_type": 2
                }
            ],
            "outputs": [
                {
                    "id": 160683920,
                    "index": 0,
                    "multi_edges": false,
                    "position": 5,
                    "socket_type": 2
                }
            ],
            "additional": [],
            "content": {
                "parameter_box": "eta",
                "input_box": "D",
                "output_box": "S/T"
            },
            "op_code": 5
        },
        {
            "id": 160599408,
            "title": "Average",
            "pos_x": -417.1249999999999,
            "pos_y": -179.1249999999999,
            "inputs": [
                {
                    "id": 209776912,
                    "index": 0,
                    "multi_edges": true,
                    "position": 2,
                    "socket_type": 2
                }
            ],
            "outputs": [
                {
                    "id": 209776784,
                    "index": 0,
                    "multi_edges": false,
                    "position": 5,
                    "socket_type": 2
                }
            ],
            "additional": [],
            "content": {
                "input_box": "S",
                "output_box": "D"
            },
            "op_code": 8
        }
    ],
    "edges": [
        {
            "id": 160598928,
            "edge_type": 2,
            "start": 160579472,
            "end": 160598864
        },
        {
            "id": 160685616,
            "edge_type": 2,
            "start": 160683920,
            "end": 160579472
        },
        {
            "id": 209818576,
            "edge_type": 2,
            "start": 209776784,
            "end": 160683952
        }
    ]
}