{
    "mappings": {},
    "relations": {
        "projection": {
            "__relation__": true,
            "name": "projection",
            "type": "projection",
            "projection_type": 0,
            "input_set_name": "X",
            "output_set_name": "A",
            "items": [
                {
                    "__tuple__": true,
                    "items": [
                        {
                            "__tuple__": true,
                            "items": [
                                "x",
                                "y"
                            ]
                        },
                        "x"
                    ]
                },
                {
                    "__tuple__": true,
                    "items": [
                        {
                            "__tuple__": true,
                            "items": [
                                "a",
                                "b"
                            ]
                        },
                        "a"
                    ]
                }
            ]
        }
    },
    "sets": {
        "-": {
            "__set__": true,
            "items": []
        },
        "X": {
            "__set__": true,
            "items": [
                {
                    "__tuple__": true,
                    "items": [
                        "a",
                        "b"
                    ]
                },
                {
                    "__tuple__": true,
                    "items": [
                        "x",
                        "y"
                    ]
                }
            ]
        },
        "A": {
            "__set__": true,
            "items": [
                "b",
                "a",
                "x",
                "y"
            ]
        }
    }
}